"samaccountname","givenname","surname","memberOf"
"Janecek.Odessa","Odessa","Janecek","Domain Users;testLocal0;testLocal4;testLocal5;testLocal6;testLocal7;testLocal8;testLocal9;testLocal11;testLocal12;testLocal13;testLocal14;testLocal15;testLocal16;testLocal17;testLocal18;testLocal19;testLocal20"
"Hannibal.Madelyn","Madelyn","Hannibal","Domain Users;testLocal0;testLocal4;testLocal5;testLocal6;testLocal7;testLocal8;testLocal9;testLocal11;testLocal12;testLocal13;testLocal14;testLocal15;testLocal16;testLocal17;testLocal18;testLocal19;testLocal20"
"Twombly.Darrel","Darrel","Twombly","Domain Users;testLocal0;testLocal4;testLocal5;testLocal6;testLocal7;testLocal8;testLocal9;testLocal11;testLocal12;testLocal13;testLocal14;testLocal15;testLocal16;testLocal17;testLocal18;testLocal19;testLocal20"
"Mckendree.Isabelle","Isabelle","Mckendree","Domain Users;testLocal0;testLocal4;testLocal5;testLocal6;testLocal7;testLocal8;testLocal9;testLocal11;testLocal12;testLocal13;testLocal14;testLocal15;testLocal16;testLocal17;testLocal18;testLocal19;testLocal20"
"Melius.Mallory","Mallory","Melius","Domain Users;testLocal0;testLocal4;testLocal5;testLocal6;testLocal7;testLocal8;testLocal9;testLocal11;testLocal12;testLocal13;testLocal14;testLocal15;testLocal16;testLocal17;testLocal18;testLocal19;testLocal20"
"Holyfield.Eveline","Eveline","Holyfield","Domain Users;testLocal0;testLocal4;testLocal5;testLocal6;testLocal7;testLocal8;testLocal9;testLocal11;testLocal12;testLocal13;testLocal14;testLocal15;testLocal16;testLocal17;testLocal18;testLocal19;testLocal20"
"Daves.Teena","Teena","Daves","Domain Users;testLocal0;testLocal4;testLocal5;testLocal6;testLocal7;testLocal8;testLocal9;testLocal11;testLocal12;testLocal13;testLocal14;testLocal15;testLocal16;testLocal17;testLocal18;testLocal19;testLocal20"
"Milne.Miquel","Miquel","Milne","Domain Users;testLocal0;testLocal4;testLocal5;testLocal6;testLocal7;testLocal8;testLocal9;testLocal11;testLocal12;testLocal13;testLocal14;testLocal15;testLocal16;testLocal17;testLocal18;testLocal19;testLocal20"
"Mcferron.Sigrid","Sigrid","Mcferron","Domain Users;testLocal0;testLocal4;testLocal5;testLocal6;testLocal7;testLocal8;testLocal9;testLocal11;testLocal12;testLocal13;testLocal14;testLocal15;testLocal16;testLocal17;testLocal18;testLocal19;testLocal20"
"Rone.Roderick","Roderick","Rone","Domain Users;testLocal0;testLocal4;testLocal5;testLocal6;testLocal7;testLocal8;testLocal9;testLocal11;testLocal12;testLocal13;testLocal14;testLocal15;testLocal16;testLocal17;testLocal18;testLocal19;testLocal20"
"Ireland.Van","Van","Ireland","Domain Users;testLocal0;testLocal4;testLocal5;testLocal6;testLocal7;testLocal8;testLocal9;testLocal11;testLocal12;testLocal13;testLocal14;testLocal15;testLocal16;testLocal17;testLocal18;testLocal19;testLocal20"
"Stiles.Lillie","Lillie","Stiles","Domain Users;testLocal0;testLocal4;testLocal5;testLocal6;testLocal7;testLocal8;testLocal9;testLocal11;testLocal12;testLocal13;testLocal14;testLocal15;testLocal16;testLocal17;testLocal18;testLocal19;testLocal20"
"Tolliver.Gaynelle","Gaynelle","Tolliver","Domain Users;testLocal0;testLocal4;testLocal5;testLocal6;testLocal7;testLocal8;testLocal9;testLocal11;testLocal12;testLocal13;testLocal14;testLocal15;testLocal16;testLocal17;testLocal18;testLocal19;testLocal20"
"Wisener.Joshua","Joshua","Wisener","Domain Users;testLocal0;testLocal4;testLocal5;testLocal6;testLocal7;testLocal8;testLocal9;testLocal11;testLocal12;testLocal13;testLocal14;testLocal15;testLocal16;testLocal17;testLocal18;testLocal19;testLocal20"
"Oboyle.Michael","Michael","Oboyle","Domain Users;testLocal0;testLocal4;testLocal5;testLocal6;testLocal7;testLocal8;testLocal9;testLocal11;testLocal12;testLocal13;testLocal14;testLocal15;testLocal16;testLocal17;testLocal18;testLocal19;testLocal20"
"Ayres.Audrea","Audrea","Ayres","Domain Users;testLocal0;testLocal4;testLocal5;testLocal6;testLocal7;testLocal8;testLocal9;testLocal11;testLocal12;testLocal13;testLocal14;testLocal15;testLocal16;testLocal17;testLocal18;testLocal19;testLocal20"
"Bouie.Marquis","Marquis","Bouie","Domain Users;testLocal0;testLocal4;testLocal5;testLocal6;testLocal7;testLocal8;testLocal9;testLocal11;testLocal12;testLocal13;testLocal14;testLocal15;testLocal16;testLocal17;testLocal18;testLocal19;testLocal20"
"Orick.Ronnie","Ronnie","Orick","Domain Users;testLocal0;testLocal4;testLocal5;testLocal6;testLocal7;testLocal8;testLocal9;testLocal11;testLocal12;testLocal13;testLocal14;testLocal15;testLocal16;testLocal17;testLocal18;testLocal19;testLocal20"
"Haring.Robyn","Robyn","Haring","Domain Users;testLocal0;testLocal4;testLocal5;testLocal6;testLocal7;testLocal8;testLocal9;testLocal11;testLocal12;testLocal13;testLocal14;testLocal15;testLocal16;testLocal17;testLocal18;testLocal19;testLocal20"
"Donald.Maryetta","Maryetta","Donald","Domain Users;testLocal0;testLocal4;testLocal5;testLocal6;testLocal7;testLocal8;testLocal9;testLocal11;testLocal12;testLocal13;testLocal14;testLocal15;testLocal16;testLocal17;testLocal18;testLocal19;testLocal20"
"Pinzon.Kelsey","Kelsey","Pinzon","Domain Users;testLocal0;testLocal4;testLocal5;testLocal6;testLocal7;testLocal8;testLocal9;testLocal11;testLocal12;testLocal13;testLocal14;testLocal15;testLocal16;testLocal17;testLocal18;testLocal19;testLocal20"
"Landrum.Sherie","Sherie","Landrum","Domain Users;testLocal0;testLocal4;testLocal5;testLocal6;testLocal7;testLocal8;testLocal9;testLocal11;testLocal12;testLocal13;testLocal14;testLocal15;testLocal16;testLocal17;testLocal18;testLocal19;testLocal20"
"Schimmel.Elsie","Elsie","Schimmel","Domain Users;testLocal0;testLocal4;testLocal5;testLocal6;testLocal7;testLocal8;testLocal9;testLocal11;testLocal12;testLocal13;testLocal14;testLocal15;testLocal16;testLocal17;testLocal18;testLocal19;testLocal20"
"Walk.Trish","Trish","Walk","Domain Users;testLocal0;testLocal4;testLocal5;testLocal6;testLocal7;testLocal8;testLocal9;testLocal11;testLocal12;testLocal13;testLocal14;testLocal15;testLocal16;testLocal17;testLocal18;testLocal19;testLocal20"
"Henriksen.Refugio","Refugio","Henriksen","Domain Users;testLocal0;testLocal4;testLocal5;testLocal6;testLocal7;testLocal8;testLocal9;testLocal11;testLocal12;testLocal13;testLocal14;testLocal15;testLocal16;testLocal17;testLocal18;testLocal19;testLocal20"
"Luechtefeld.Kurt","Kurt","Luechtefeld","Domain Users;testLocal0;testLocal4;testLocal5;testLocal6;testLocal7;testLocal8;testLocal9;testLocal11;testLocal12;testLocal13;testLocal14;testLocal15;testLocal16;testLocal17;testLocal18;testLocal19;testLocal20"
"Wilder.Mozell","Mozell","Wilder","Domain Users;testLocal0;testLocal4;testLocal5;testLocal6;testLocal7;testLocal8;testLocal9;testLocal11;testLocal12;testLocal13;testLocal14;testLocal15;testLocal16;testLocal17;testLocal18;testLocal19;testLocal20"
"Dean.Glennis","Glennis","Dean","Domain Users;testLocal0;testLocal4;testLocal5;testLocal6;testLocal7;testLocal8;testLocal9;testLocal11;testLocal12;testLocal13;testLocal14;testLocal15;testLocal16;testLocal17;testLocal18;testLocal19;testLocal20"
"Boose.Vennie","Vennie","Boose","Domain Users;testLocal0;testLocal4;testLocal5;testLocal6;testLocal7;testLocal8;testLocal9;testLocal11;testLocal12;testLocal13;testLocal14;testLocal15;testLocal16;testLocal17;testLocal18;testLocal19;testLocal20"
"Brunkhorst.Mayola","Mayola","Brunkhorst","Domain Users;testLocal0;testLocal4;testLocal5;testLocal6;testLocal7;testLocal8;testLocal9;testLocal11;testLocal12;testLocal13;testLocal14;testLocal15;testLocal16;testLocal17;testLocal18;testLocal19;testLocal20"
"Tyrrell.Karisa","Karisa","Tyrrell","Domain Users;testLocal0;testLocal4;testLocal5;testLocal6;testLocal7;testLocal8;testLocal9;testLocal11;testLocal12;testLocal13;testLocal14;testLocal15;testLocal16;testLocal17;testLocal18;testLocal19;testLocal20"
"Hooper.Edmundo","Edmundo","Hooper","Domain Users;testLocal0;testLocal4;testLocal5;testLocal6;testLocal7;testLocal8;testLocal9;testLocal11;testLocal12;testLocal13;testLocal14;testLocal15;testLocal16;testLocal17;testLocal18;testLocal19;testLocal20"
"Laperle.Maricruz","Maricruz","Laperle","Domain Users;testLocal0;testLocal4;testLocal5;testLocal6;testLocal7;testLocal8;testLocal9;testLocal11;testLocal12;testLocal13;testLocal14;testLocal15;testLocal16;testLocal17;testLocal18;testLocal19;testLocal20"
"Colonna.Blanche","Blanche","Colonna","Domain Users;testLocal0;testLocal4;testLocal5;testLocal6;testLocal7;testLocal8;testLocal9;testLocal11;testLocal12;testLocal13;testLocal14;testLocal15;testLocal16;testLocal17;testLocal18;testLocal19;testLocal20"
"Celestine.Maira","Maira","Celestine","Domain Users;testLocal0;testLocal4;testLocal5;testLocal6;testLocal7;testLocal8;testLocal9;testLocal11;testLocal12;testLocal13;testLocal14;testLocal15;testLocal16;testLocal17;testLocal18;testLocal19;testLocal20"
"Rosendahl.Antoine","Antoine","Rosendahl","Domain Users;testLocal0;testLocal4;testLocal5;testLocal6;testLocal7;testLocal8;testLocal9;testLocal11;testLocal12;testLocal13;testLocal14;testLocal15;testLocal16;testLocal17;testLocal18;testLocal19;testLocal20"
"Barrick.Vincent","Vincent","Barrick","Domain Users;testLocal0;testLocal4;testLocal5;testLocal6;testLocal7;testLocal8;testLocal9;testLocal11;testLocal12;testLocal13;testLocal14;testLocal15;testLocal16;testLocal17;testLocal18;testLocal19;testLocal20"
"Basco.Leana","Leana","Basco","Domain Users;testLocal0;testLocal4;testLocal5;testLocal6;testLocal7;testLocal8;testLocal9;testLocal11;testLocal12;testLocal13;testLocal14;testLocal15;testLocal16;testLocal17;testLocal18;testLocal19;testLocal20"
"Salcido.Cristi","Cristi","Salcido","Domain Users;testLocal0;testLocal4;testLocal5;testLocal6;testLocal7;testLocal8;testLocal9;testLocal11;testLocal12;testLocal13;testLocal14;testLocal15;testLocal16;testLocal17;testLocal18;testLocal19;testLocal20"
"Macneil.Titus","Titus","Macneil","Domain Users;testLocal0;testLocal4;testLocal5;testLocal6;testLocal7;testLocal8;testLocal9;testLocal11;testLocal12;testLocal13;testLocal14;testLocal15;testLocal16;testLocal17;testLocal18;testLocal19;testLocal20"
"Beatrice.Hyo","Hyo","Beatrice","Domain Users;testLocal0;testLocal4;testLocal5;testLocal6;testLocal7;testLocal8;testLocal9;testLocal11;testLocal12;testLocal13;testLocal14;testLocal15;testLocal16;testLocal17;testLocal18;testLocal19;testLocal20"
"Carnegie.Luella","Luella","Carnegie","Domain Users;testLocal0;testLocal4;testLocal5;testLocal6;testLocal7;testLocal8;testLocal9;testLocal11;testLocal12;testLocal13;testLocal14;testLocal15;testLocal16;testLocal17;testLocal18;testLocal19;testLocal20"
"Mccombs.Erna","Erna","Mccombs","Domain Users;testLocal0;testLocal4;testLocal5;testLocal6;testLocal7;testLocal8;testLocal9;testLocal11;testLocal12;testLocal13;testLocal14;testLocal15;testLocal16;testLocal17;testLocal18;testLocal19;testLocal20"
"Center.Jina","Jina","Center","Domain Users;testLocal0;testLocal4;testLocal5;testLocal6;testLocal7;testLocal8;testLocal9;testLocal11;testLocal12;testLocal13;testLocal14;testLocal15;testLocal16;testLocal17;testLocal18;testLocal19;testLocal20"
"Haugh.Arnold","Arnold","Haugh","Domain Users;testLocal0;testLocal4;testLocal5;testLocal6;testLocal7;testLocal8;testLocal9;testLocal11;testLocal12;testLocal13;testLocal14;testLocal15;testLocal16;testLocal17;testLocal18;testLocal19;testLocal20"
"Bogart.Bee","Bee","Bogart","Domain Users;testLocal0;testLocal4;testLocal5;testLocal6;testLocal7;testLocal8;testLocal9;testLocal11;testLocal12;testLocal13;testLocal14;testLocal15;testLocal16;testLocal17;testLocal18;testLocal19;testLocal20"
"Pascal.Aracelis","Aracelis","Pascal","Domain Users;testLocal0;testLocal4;testLocal5;testLocal6;testLocal7;testLocal8;testLocal9;testLocal11;testLocal12;testLocal13;testLocal14;testLocal15;testLocal16;testLocal17;testLocal18;testLocal19;testLocal20"
"Weymouth.Melissia","Melissia","Weymouth","Domain Users;testLocal0;testLocal4;testLocal5;testLocal6;testLocal7;testLocal8;testLocal9;testLocal11;testLocal12;testLocal13;testLocal14;testLocal15;testLocal16;testLocal17;testLocal18;testLocal19;testLocal20"
"Bolden.Bret","Bret","Bolden","Domain Users;testLocal0;testLocal4;testLocal5;testLocal6;testLocal7;testLocal8;testLocal9;testLocal11;testLocal12;testLocal13;testLocal14;testLocal15;testLocal16;testLocal17;testLocal18;testLocal19;testLocal20"
"Temme.Jaymie","Jaymie","Temme","Domain Users;testLocal0;testLocal4;testLocal5;testLocal6;testLocal7;testLocal8;testLocal9;testLocal11;testLocal12;testLocal13;testLocal14;testLocal15;testLocal16;testLocal17;testLocal18;testLocal19;testLocal20"
"Dickie.Charley","Charley","Dickie","Domain Users;testLocal0;testLocal4;testLocal5;testLocal6;testLocal7;testLocal8;testLocal9;testLocal11;testLocal12;testLocal13;testLocal14;testLocal15;testLocal16;testLocal17;testLocal18;testLocal19;testLocal20"
"Lybrand.Dana","Dana","Lybrand","Domain Users;testLocal0;testLocal4;testLocal5;testLocal6;testLocal7;testLocal8;testLocal9;testLocal11;testLocal12;testLocal13;testLocal14;testLocal15;testLocal16;testLocal17;testLocal18;testLocal19;testLocal20"
"Farabaugh.Terese","Terese","Farabaugh","Domain Users;testLocal0;testLocal4;testLocal5;testLocal6;testLocal7;testLocal8;testLocal9;testLocal11;testLocal12;testLocal13;testLocal14;testLocal15;testLocal16;testLocal17;testLocal18;testLocal19;testLocal20"
"Nygaard.Zenobia","Zenobia","Nygaard","Domain Users;testLocal0;testLocal4;testLocal5;testLocal6;testLocal7;testLocal8;testLocal9;testLocal11;testLocal12;testLocal13;testLocal14;testLocal15;testLocal16;testLocal17;testLocal18;testLocal19;testLocal20"
"Fortune.Marin","Marin","Fortune","Domain Users;testLocal0;testLocal4;testLocal5;testLocal6;testLocal7;testLocal8;testLocal9;testLocal11;testLocal12;testLocal13;testLocal14;testLocal15;testLocal16;testLocal17;testLocal18;testLocal19;testLocal20"
"Broadwell.Ela","Ela","Broadwell","Domain Users;testLocal0;testLocal4;testLocal5;testLocal6;testLocal7;testLocal8;testLocal9;testLocal11;testLocal12;testLocal13;testLocal14;testLocal15;testLocal16;testLocal17;testLocal18;testLocal19;testLocal20"
"Ricard.Phylis","Phylis","Ricard","Domain Users;testLocal0;testLocal4;testLocal5;testLocal6;testLocal7;testLocal8;testLocal9;testLocal11;testLocal12;testLocal13;testLocal14;testLocal15;testLocal16;testLocal17;testLocal18;testLocal19;testLocal20"
"Torrez.Ashely","Ashely","Torrez","Domain Users;testLocal0;testLocal4;testLocal5;testLocal6;testLocal7;testLocal8;testLocal9;testLocal11;testLocal12;testLocal13;testLocal14;testLocal15;testLocal16;testLocal17;testLocal18;testLocal19;testLocal20"
"Enochs.Kathy","Kathy","Enochs","Domain Users;testLocal0;testLocal4;testLocal5;testLocal6;testLocal7;testLocal8;testLocal9;testLocal11;testLocal12;testLocal13;testLocal14;testLocal15;testLocal16;testLocal17;testLocal18;testLocal19;testLocal20"
"Alcorn.Newton","Newton","Alcorn","Domain Users;testLocal0;testLocal4;testLocal5;testLocal6;testLocal7;testLocal8;testLocal9;testLocal11;testLocal12;testLocal13;testLocal14;testLocal15;testLocal16;testLocal17;testLocal18;testLocal19;testLocal20"
"Lineman.Macie","Macie","Lineman","Domain Users;testLocal0;testLocal4;testLocal5;testLocal6;testLocal7;testLocal8;testLocal9;testLocal11;testLocal12;testLocal13;testLocal14;testLocal15;testLocal16;testLocal17;testLocal18;testLocal19;testLocal20"
"Cavins.Candi","Candi","Cavins","Domain Users;testLocal0;testLocal4;testLocal5;testLocal6;testLocal7;testLocal8;testLocal9;testLocal11;testLocal12;testLocal13;testLocal14;testLocal15;testLocal16;testLocal17;testLocal18;testLocal19;testLocal20"
"Pulver.Vannesa","Vannesa","Pulver","Domain Users;testLocal0;testLocal4;testLocal5;testLocal6;testLocal7;testLocal8;testLocal9;testLocal11;testLocal12;testLocal13;testLocal14;testLocal15;testLocal16;testLocal17;testLocal18;testLocal19;testLocal20"
"Stilwell.Eleanor","Eleanor","Stilwell","Domain Users;testLocal0;testLocal4;testLocal5;testLocal6;testLocal7;testLocal8;testLocal9;testLocal11;testLocal12;testLocal13;testLocal14;testLocal15;testLocal16;testLocal17;testLocal18;testLocal19;testLocal20"
"Hillier.Yadira","Yadira","Hillier","Domain Users;testLocal0;testLocal4;testLocal5;testLocal6;testLocal7;testLocal8;testLocal9;testLocal11;testLocal12;testLocal13;testLocal14;testLocal15;testLocal16;testLocal17;testLocal18;testLocal19;testLocal20"
"Twist.Stacy","Stacy","Twist","Domain Users;testLocal0;testLocal4;testLocal5;testLocal6;testLocal7;testLocal8;testLocal9;testLocal11;testLocal12;testLocal13;testLocal14;testLocal15;testLocal16;testLocal17;testLocal18;testLocal19;testLocal20"
"Sievers.Erlene","Erlene","Sievers","Domain Users;testLocal0;testLocal4;testLocal5;testLocal6;testLocal7;testLocal8;testLocal9;testLocal11;testLocal12;testLocal13;testLocal14;testLocal15;testLocal16;testLocal17;testLocal18;testLocal19;testLocal20"
"Lenig.Bernard","Bernard","Lenig","Domain Users;testLocal0;testLocal4;testLocal5;testLocal6;testLocal7;testLocal8;testLocal9;testLocal11;testLocal12;testLocal13;testLocal14;testLocal15;testLocal16;testLocal17;testLocal18;testLocal19;testLocal20"
"Seidell.Inga","Inga","Seidell","Domain Users;testLocal0;testLocal4;testLocal5;testLocal6;testLocal7;testLocal8;testLocal9;testLocal11;testLocal12;testLocal13;testLocal14;testLocal15;testLocal16;testLocal17;testLocal18;testLocal19;testLocal20"
"Ranger.Ngoc","Ngoc","Ranger","Domain Users;testLocal0;testLocal4;testLocal5;testLocal6;testLocal7;testLocal8;testLocal9;testLocal11;testLocal12;testLocal13;testLocal14;testLocal15;testLocal16;testLocal17;testLocal18;testLocal19;testLocal20"
"Berlin.Shawanna","Shawanna","Berlin","Domain Users;testLocal0;testLocal4;testLocal5;testLocal6;testLocal7;testLocal8;testLocal9;testLocal11;testLocal12;testLocal13;testLocal14;testLocal15;testLocal16;testLocal17;testLocal18;testLocal19;testLocal20"
"Mcbean.Nicolle","Nicolle","Mcbean","Domain Users;testLocal0;testLocal4;testLocal5;testLocal6;testLocal7;testLocal8;testLocal9;testLocal11;testLocal12;testLocal13;testLocal14;testLocal15;testLocal16;testLocal17;testLocal18;testLocal19;testLocal20"
"Jessop.Sunday","Sunday","Jessop","Domain Users;testLocal0;testLocal4;testLocal5;testLocal6;testLocal7;testLocal8;testLocal9;testLocal11;testLocal12;testLocal13;testLocal14;testLocal15;testLocal16;testLocal17;testLocal18;testLocal19;testLocal20"
"Raphael.Patrina","Patrina","Raphael","Domain Users;testLocal0;testLocal4;testLocal5;testLocal6;testLocal7;testLocal8;testLocal9;testLocal11;testLocal12;testLocal13;testLocal14;testLocal15;testLocal16;testLocal17;testLocal18;testLocal19;testLocal20"
"Deibler.Shawnta","Shawnta","Deibler","Domain Users;testLocal0;testLocal4;testLocal5;testLocal6;testLocal7;testLocal8;testLocal9;testLocal11;testLocal12;testLocal13;testLocal14;testLocal15;testLocal16;testLocal17;testLocal18;testLocal19;testLocal20"
"Blatt.Winston","Winston","Blatt","Domain Users;testLocal0;testLocal4;testLocal5;testLocal6;testLocal7;testLocal8;testLocal9;testLocal11;testLocal12;testLocal13;testLocal14;testLocal15;testLocal16;testLocal17;testLocal18;testLocal19;testLocal20"
"Stallone.Luana","Luana","Stallone","Domain Users;testLocal0;testLocal4;testLocal5;testLocal6;testLocal7;testLocal8;testLocal9;testLocal11;testLocal12;testLocal13;testLocal14;testLocal15;testLocal16;testLocal17;testLocal18;testLocal19;testLocal20"
"Parkhurst.Dina","Dina","Parkhurst","Domain Users;testLocal0;testLocal4;testLocal5;testLocal6;testLocal7;testLocal8;testLocal9;testLocal11;testLocal12;testLocal13;testLocal14;testLocal15;testLocal16;testLocal17;testLocal18;testLocal19;testLocal20"
"Wrigley.Tomi","Tomi","Wrigley","Domain Users;testLocal0;testLocal4;testLocal5;testLocal6;testLocal7;testLocal8;testLocal9;testLocal11;testLocal12;testLocal13;testLocal14;testLocal15;testLocal16;testLocal17;testLocal18;testLocal19;testLocal20"
"Persons.Cherly","Cherly","Persons","Domain Users;testLocal0;testLocal4;testLocal5;testLocal6;testLocal7;testLocal8;testLocal9;testLocal11;testLocal12;testLocal13;testLocal14;testLocal15;testLocal16;testLocal17;testLocal18;testLocal19;testLocal20"
"Difiore.Delena","Delena","Difiore","Domain Users;testLocal0;testLocal4;testLocal5;testLocal6;testLocal7;testLocal8;testLocal9;testLocal11;testLocal12;testLocal13;testLocal14;testLocal15;testLocal16;testLocal17;testLocal18;testLocal19;testLocal20"
"Dyar.Leisa","Leisa","Dyar","Domain Users;testLocal0;testLocal4;testLocal5;testLocal6;testLocal7;testLocal8;testLocal9;testLocal11;testLocal12;testLocal13;testLocal14;testLocal15;testLocal16;testLocal17;testLocal18;testLocal19;testLocal20"
"Perreault.Dee","Dee","Perreault","Domain Users;testLocal0;testLocal4;testLocal5;testLocal6;testLocal7;testLocal8;testLocal9;testLocal11;testLocal12;testLocal13;testLocal14;testLocal15;testLocal16;testLocal17;testLocal18;testLocal19;testLocal20"
"Dufresne.Florentina","Florentina","Dufresne","Domain Users;testLocal0;testLocal4;testLocal5;testLocal6;testLocal7;testLocal8;testLocal9;testLocal11;testLocal12;testLocal13;testLocal14;testLocal15;testLocal16;testLocal17;testLocal18;testLocal19;testLocal20"
"Jeffcoat.Josefine","Josefine","Jeffcoat","Domain Users;testLocal0;testLocal4;testLocal5;testLocal6;testLocal7;testLocal8;testLocal9;testLocal11;testLocal12;testLocal13;testLocal14;testLocal15;testLocal16;testLocal17;testLocal18;testLocal19;testLocal20"
"Degraff.Whitney","Whitney","Degraff","Domain Users;testLocal0;testLocal4;testLocal5;testLocal6;testLocal7;testLocal8;testLocal9;testLocal11;testLocal12;testLocal13;testLocal14;testLocal15;testLocal16;testLocal17;testLocal18;testLocal19;testLocal20"
"Mcgown.Rosalie","Rosalie","Mcgown","Domain Users;testLocal0;testLocal4;testLocal5;testLocal6;testLocal7;testLocal8;testLocal9;testLocal11;testLocal12;testLocal13;testLocal14;testLocal15;testLocal16;testLocal17;testLocal18;testLocal19;testLocal20"
"Villela.Dalton","Dalton","Villela","Domain Users;testLocal0;testLocal4;testLocal5;testLocal6;testLocal7;testLocal8;testLocal9;testLocal11;testLocal12;testLocal13;testLocal14;testLocal15;testLocal16;testLocal17;testLocal18;testLocal19;testLocal20"
"Rew.Kellee","Kellee","Rew","Domain Users;testLocal0;testLocal4;testLocal5;testLocal6;testLocal7;testLocal8;testLocal9;testLocal11;testLocal12;testLocal13;testLocal14;testLocal15;testLocal16;testLocal17;testLocal18;testLocal19;testLocal20"
"Figg.Santos","Santos","Figg","Domain Users;testLocal0;testLocal4;testLocal5;testLocal6;testLocal7;testLocal8;testLocal9;testLocal11;testLocal12;testLocal13;testLocal14;testLocal15;testLocal16;testLocal17;testLocal18;testLocal19;testLocal20"
"Eshelman.Mammie","Mammie","Eshelman","Domain Users;testLocal0;testLocal4;testLocal5;testLocal6;testLocal7;testLocal8;testLocal9;testLocal11;testLocal12;testLocal13;testLocal14;testLocal15;testLocal16;testLocal17;testLocal18;testLocal19;testLocal20"
"Yzaguirre.Sommer","Sommer","Yzaguirre","Domain Users;testLocal0;testLocal4;testLocal5;testLocal6;testLocal7;testLocal8;testLocal9;testLocal11;testLocal12;testLocal13;testLocal14;testLocal15;testLocal16;testLocal17;testLocal18;testLocal19;testLocal20"
"Feltz.Maddie","Maddie","Feltz","Domain Users;testLocal0;testLocal4;testLocal5;testLocal6;testLocal7;testLocal8;testLocal9;testLocal11;testLocal12;testLocal13;testLocal14;testLocal15;testLocal16;testLocal17;testLocal18;testLocal19;testLocal20"
"Byerley.Esta","Esta","Byerley","Domain Users;testLocal0;testLocal4;testLocal5;testLocal6;testLocal7;testLocal8;testLocal9;testLocal11;testLocal12;testLocal13;testLocal14;testLocal15;testLocal16;testLocal17;testLocal18;testLocal19;testLocal20"
"Knapik.Maren","Maren","Knapik","Domain Users;testLocal0;testLocal4;testLocal5;testLocal6;testLocal7;testLocal8;testLocal9;testLocal11;testLocal12;testLocal13;testLocal14;testLocal15;testLocal16;testLocal17;testLocal18;testLocal19;testLocal20"
"Heater.Caren","Caren","Heater","Domain Users;testLocal0;testLocal4;testLocal5;testLocal6;testLocal7;testLocal8;testLocal9;testLocal11;testLocal12;testLocal13;testLocal14;testLocal15;testLocal16;testLocal17;testLocal18;testLocal19;testLocal20"
"Mcquiston.Javier","Javier","Mcquiston","Domain Users;testLocal0;testLocal4;testLocal5;testLocal6;testLocal7;testLocal8;testLocal9;testLocal11;testLocal12;testLocal13;testLocal14;testLocal15;testLocal16;testLocal17;testLocal18;testLocal19;testLocal20"
"Chica.Evon","Evon","Chica","Domain Users;testLocal0;testLocal4;testLocal5;testLocal6;testLocal7;testLocal8;testLocal9;testLocal11;testLocal12;testLocal13;testLocal14;testLocal15;testLocal16;testLocal17;testLocal18;testLocal19;testLocal20"
"Vaccaro.Maribel","Maribel","Vaccaro","Domain Users;testLocal0;testLocal4;testLocal5;testLocal6;testLocal7;testLocal8;testLocal9;testLocal11;testLocal12;testLocal13;testLocal14;testLocal15;testLocal16;testLocal17;testLocal18;testLocal19;testLocal20"
"Garwood.Irene","Irene","Garwood","Domain Users;testLocal0;testLocal4;testLocal5;testLocal6;testLocal7;testLocal8;testLocal9;testLocal11;testLocal12;testLocal13;testLocal14;testLocal15;testLocal16;testLocal17;testLocal18;testLocal19;testLocal20"
"Luckett.Celine","Celine","Luckett","Domain Users;testLocal0;testLocal4;testLocal5;testLocal6;testLocal7;testLocal8;testLocal9;testLocal11;testLocal12;testLocal13;testLocal14;testLocal15;testLocal16;testLocal17;testLocal18;testLocal19;testLocal20"
"Janz.Shawnee","Shawnee","Janz","Domain Users;testLocal0;testLocal4;testLocal5;testLocal6;testLocal7;testLocal8;testLocal9;testLocal11;testLocal12;testLocal13;testLocal14;testLocal15;testLocal16;testLocal17;testLocal18;testLocal19;testLocal20"
"Suggs.Gwenn","Gwenn","Suggs","Domain Users;testLocal0;testLocal4;testLocal5;testLocal6;testLocal7;testLocal8;testLocal9;testLocal11;testLocal12;testLocal13;testLocal14;testLocal15;testLocal16;testLocal17;testLocal18;testLocal19;testLocal20"
"Vicks.Krissy","Krissy","Vicks","Domain Users;testLocal0;testLocal4;testLocal5;testLocal6;testLocal7;testLocal8;testLocal9;testLocal11;testLocal12;testLocal13;testLocal14;testLocal15;testLocal16;testLocal17;testLocal18;testLocal19;testLocal20"
"Riner.Carleen","Carleen","Riner","Domain Users;testLocal0;testLocal4;testLocal5;testLocal6;testLocal7;testLocal8;testLocal9;testLocal11;testLocal12;testLocal13;testLocal14;testLocal15;testLocal16;testLocal17;testLocal18;testLocal19;testLocal20"
"Dorner.Wendie","Wendie","Dorner","Domain Users;testLocal0;testLocal4;testLocal5;testLocal6;testLocal7;testLocal8;testLocal9;testLocal11;testLocal12;testLocal13;testLocal14;testLocal15;testLocal16;testLocal17;testLocal18;testLocal19;testLocal20"
"Seaberg.Hiram","Hiram","Seaberg","Domain Users;testLocal0;testLocal4;testLocal5;testLocal6;testLocal7;testLocal8;testLocal9;testLocal11;testLocal12;testLocal13;testLocal14;testLocal15;testLocal16;testLocal17;testLocal18;testLocal19;testLocal20"
"Ried.Fidel","Fidel","Ried","Domain Users;testLocal0;testLocal4;testLocal5;testLocal6;testLocal7;testLocal8;testLocal9;testLocal11;testLocal12;testLocal13;testLocal14;testLocal15;testLocal16;testLocal17;testLocal18;testLocal19;testLocal20"
"Iraheta.Tianna","Tianna","Iraheta","Domain Users;testLocal0;testLocal4;testLocal5;testLocal6;testLocal7;testLocal8;testLocal9;testLocal11;testLocal12;testLocal13;testLocal14;testLocal15;testLocal16;testLocal17;testLocal18;testLocal19;testLocal20"
"Neider.Maida","Maida","Neider","Domain Users;testLocal0;testLocal4;testLocal5;testLocal6;testLocal7;testLocal8;testLocal9;testLocal11;testLocal12;testLocal13;testLocal14;testLocal15;testLocal16;testLocal17;testLocal18;testLocal19;testLocal20"
"Edens.Alba","Alba","Edens","Domain Users;testLocal0;testLocal4;testLocal5;testLocal6;testLocal7;testLocal8;testLocal9;testLocal11;testLocal12;testLocal13;testLocal14;testLocal15;testLocal16;testLocal17;testLocal18;testLocal19;testLocal20"
"Alvidrez.Randi","Randi","Alvidrez","Domain Users;testLocal0;testLocal4;testLocal5;testLocal6;testLocal7;testLocal8;testLocal9;testLocal11;testLocal12;testLocal13;testLocal14;testLocal15;testLocal16;testLocal17;testLocal18;testLocal19;testLocal20"
"Drumheller.Lesia","Lesia","Drumheller","Domain Users;testLocal0;testLocal4;testLocal5;testLocal6;testLocal7;testLocal8;testLocal9;testLocal11;testLocal12;testLocal13;testLocal14;testLocal15;testLocal16;testLocal17;testLocal18;testLocal19;testLocal20"
"Duprey.Sherrie","Sherrie","Duprey","Domain Users;testLocal0;testLocal4;testLocal5;testLocal6;testLocal7;testLocal8;testLocal9;testLocal11;testLocal12;testLocal13;testLocal14;testLocal15;testLocal16;testLocal17;testLocal18;testLocal19;testLocal20"
"Podkowka.Jestine","Jestine","Podkowka","Domain Users;testLocal0;testLocal4;testLocal5;testLocal6;testLocal7;testLocal8;testLocal9;testLocal11;testLocal12;testLocal13;testLocal14;testLocal15;testLocal16;testLocal17;testLocal18;testLocal19;testLocal20"
"Leisy.Eura","Eura","Leisy","Domain Users;testLocal0;testLocal4;testLocal5;testLocal6;testLocal7;testLocal8;testLocal9;testLocal11;testLocal12;testLocal13;testLocal14;testLocal15;testLocal16;testLocal17;testLocal18;testLocal19;testLocal20"
"Dorothy.Roseline","Roseline","Dorothy","Domain Users;testLocal0;testLocal4;testLocal5;testLocal6;testLocal7;testLocal8;testLocal9;testLocal11;testLocal12;testLocal13;testLocal14;testLocal15;testLocal16;testLocal17;testLocal18;testLocal19;testLocal20"
"Satterthwaite.Rosy","Rosy","Satterthwaite","Domain Users;testLocal0;testLocal4;testLocal5;testLocal6;testLocal7;testLocal8;testLocal9;testLocal11;testLocal12;testLocal13;testLocal14;testLocal15;testLocal16;testLocal17;testLocal18;testLocal19;testLocal20"
"Wilhelm.Maribel","Maribel","Wilhelm","Domain Users;testLocal0;testLocal4;testLocal5;testLocal6;testLocal7;testLocal8;testLocal9;testLocal11;testLocal12;testLocal13;testLocal14;testLocal15;testLocal16;testLocal17;testLocal18;testLocal19;testLocal20"
"Alloway.Lance","Lance","Alloway","Domain Users;testLocal0;testLocal4;testLocal5;testLocal6;testLocal7;testLocal8;testLocal9;testLocal11;testLocal12;testLocal13;testLocal14;testLocal15;testLocal16;testLocal17;testLocal18;testLocal19;testLocal20"
"Jenkins.Jonell","Jonell","Jenkins","Domain Users;testLocal0;testLocal4;testLocal5;testLocal6;testLocal7;testLocal8;testLocal9;testLocal11;testLocal12;testLocal13;testLocal14;testLocal15;testLocal16;testLocal17;testLocal18;testLocal19;testLocal20"
"Adamo.Kraig","Kraig","Adamo","Domain Users;testLocal0;testLocal4;testLocal5;testLocal6;testLocal7;testLocal8;testLocal9;testLocal11;testLocal12;testLocal13;testLocal14;testLocal15;testLocal16;testLocal17;testLocal18;testLocal19;testLocal20"
"Deese.Gia","Gia","Deese","Domain Users;testLocal0;testLocal4;testLocal5;testLocal6;testLocal7;testLocal8;testLocal9;testLocal11;testLocal12;testLocal13;testLocal14;testLocal15;testLocal16;testLocal17;testLocal18;testLocal19;testLocal20"
"Palafox.Felecia","Felecia","Palafox","Domain Users;testLocal0;testLocal4;testLocal5;testLocal6;testLocal7;testLocal8;testLocal9;testLocal11;testLocal12;testLocal13;testLocal14;testLocal15;testLocal16;testLocal17;testLocal18;testLocal19;testLocal20"
"Wirth.Jule","Jule","Wirth","Domain Users;testLocal0;testLocal4;testLocal5;testLocal6;testLocal7;testLocal8;testLocal9;testLocal11;testLocal12;testLocal13;testLocal14;testLocal15;testLocal16;testLocal17;testLocal18;testLocal19;testLocal20"
"Gaulke.Bertram","Bertram","Gaulke","Domain Users;testLocal0;testLocal4;testLocal5;testLocal6;testLocal7;testLocal8;testLocal9;testLocal11;testLocal12;testLocal13;testLocal14;testLocal15;testLocal16;testLocal17;testLocal18;testLocal19;testLocal20"
"Morgado.Elvia","Elvia","Morgado","Domain Users;testLocal0;testLocal4;testLocal5;testLocal6;testLocal7;testLocal8;testLocal9;testLocal11;testLocal12;testLocal13;testLocal14;testLocal15;testLocal16;testLocal17;testLocal18;testLocal19;testLocal20"
"Stalnaker.Marya","Marya","Stalnaker","Domain Users;testLocal0;testLocal4;testLocal5;testLocal6;testLocal7;testLocal8;testLocal9;testLocal11;testLocal12;testLocal13;testLocal14;testLocal15;testLocal16;testLocal17;testLocal18;testLocal19;testLocal20"
"Ferrel.Cheyenne","Cheyenne","Ferrel","Domain Users;testLocal0;testLocal4;testLocal5;testLocal6;testLocal7;testLocal8;testLocal9;testLocal11;testLocal12;testLocal13;testLocal14;testLocal15;testLocal16;testLocal17;testLocal18;testLocal19;testLocal20"
"Lundquist.Reuben","Reuben","Lundquist","Domain Users;testLocal0;testLocal4;testLocal5;testLocal6;testLocal7;testLocal8;testLocal9;testLocal11;testLocal12;testLocal13;testLocal14;testLocal15;testLocal16;testLocal17;testLocal18;testLocal19;testLocal20"
"Sandavol.Jeniffer","Jeniffer","Sandavol","Domain Users;testLocal0;testLocal4;testLocal5;testLocal6;testLocal7;testLocal8;testLocal9;testLocal11;testLocal12;testLocal13;testLocal14;testLocal15;testLocal16;testLocal17;testLocal18;testLocal19;testLocal20"
"Hoff.Curt","Curt","Hoff","Domain Users;testLocal0;testLocal4;testLocal5;testLocal6;testLocal7;testLocal8;testLocal9;testLocal11;testLocal12;testLocal13;testLocal14;testLocal15;testLocal16;testLocal17;testLocal18;testLocal19;testLocal20"
"Maus.Monte","Monte","Maus","Domain Users;testLocal0;testLocal4;testLocal5;testLocal6;testLocal7;testLocal8;testLocal9;testLocal11;testLocal12;testLocal13;testLocal14;testLocal15;testLocal16;testLocal17;testLocal18;testLocal19;testLocal20"
"Blowers.Robbyn","Robbyn","Blowers","Domain Users;testLocal0;testLocal4;testLocal5;testLocal6;testLocal7;testLocal8;testLocal9;testLocal11;testLocal12;testLocal13;testLocal14;testLocal15;testLocal16;testLocal17;testLocal18;testLocal19;testLocal20"
"Rick.Kayla","Kayla","Rick","Domain Users;testLocal0;testLocal4;testLocal5;testLocal6;testLocal7;testLocal8;testLocal9;testLocal11;testLocal12;testLocal13;testLocal14;testLocal15;testLocal16;testLocal17;testLocal18;testLocal19;testLocal20"
"Hopkin.Ariana","Ariana","Hopkin","Domain Users;testLocal0;testLocal4;testLocal5;testLocal6;testLocal7;testLocal8;testLocal9;testLocal11;testLocal12;testLocal13;testLocal14;testLocal15;testLocal16;testLocal17;testLocal18;testLocal19;testLocal20"
"Kitterman.Darrell","Darrell","Kitterman","Domain Users;testLocal0;testLocal4;testLocal5;testLocal6;testLocal7;testLocal8;testLocal9;testLocal11;testLocal12;testLocal13;testLocal14;testLocal15;testLocal16;testLocal17;testLocal18;testLocal19;testLocal20"
"Picken.Ka","Ka","Picken","Domain Users;testLocal0;testLocal4;testLocal5;testLocal6;testLocal7;testLocal8;testLocal9;testLocal11;testLocal12;testLocal13;testLocal14;testLocal15;testLocal16;testLocal17;testLocal18;testLocal19;testLocal20"
"Huggett.Lorie","Lorie","Huggett","Domain Users;testLocal0;testLocal4;testLocal5;testLocal6;testLocal7;testLocal8;testLocal9;testLocal11;testLocal12;testLocal13;testLocal14;testLocal15;testLocal16;testLocal17;testLocal18;testLocal19;testLocal20"
"Pullin.Concepcion","Concepcion","Pullin","Domain Users;testLocal0;testLocal4;testLocal5;testLocal6;testLocal7;testLocal8;testLocal9;testLocal11;testLocal12;testLocal13;testLocal14;testLocal15;testLocal16;testLocal17;testLocal18;testLocal19;testLocal20"
"Kilmon.Marla","Marla","Kilmon","Domain Users;testLocal0;testLocal4;testLocal5;testLocal6;testLocal7;testLocal8;testLocal9;testLocal11;testLocal12;testLocal13;testLocal14;testLocal15;testLocal16;testLocal17;testLocal18;testLocal19;testLocal20"
"Dowler.Chau","Chau","Dowler","Domain Users;testLocal0;testLocal4;testLocal5;testLocal6;testLocal7;testLocal8;testLocal9;testLocal11;testLocal12;testLocal13;testLocal14;testLocal15;testLocal16;testLocal17;testLocal18;testLocal19;testLocal20"
"Griest.Paul","Paul","Griest","Domain Users;testLocal0;testLocal4;testLocal5;testLocal6;testLocal7;testLocal8;testLocal9;testLocal11;testLocal12;testLocal13;testLocal14;testLocal15;testLocal16;testLocal17;testLocal18;testLocal19;testLocal20"
"Ditullio.June","June","Ditullio","Domain Users;testLocal0;testLocal4;testLocal5;testLocal6;testLocal7;testLocal8;testLocal9;testLocal11;testLocal12;testLocal13;testLocal14;testLocal15;testLocal16;testLocal17;testLocal18;testLocal19;testLocal20"
"Faul.Jannie","Jannie","Faul","Domain Users;testLocal0;testLocal4;testLocal5;testLocal6;testLocal7;testLocal8;testLocal9;testLocal11;testLocal12;testLocal13;testLocal14;testLocal15;testLocal16;testLocal17;testLocal18;testLocal19;testLocal20"
"Hillary.Jonathon","Jonathon","Hillary","Domain Users;testLocal0;testLocal4;testLocal5;testLocal6;testLocal7;testLocal8;testLocal9;testLocal11;testLocal12;testLocal13;testLocal14;testLocal15;testLocal16;testLocal17;testLocal18;testLocal19;testLocal20"
"Perera.Jude","Jude","Perera","Domain Users;testLocal0;testLocal4;testLocal5;testLocal6;testLocal7;testLocal8;testLocal9;testLocal11;testLocal12;testLocal13;testLocal14;testLocal15;testLocal16;testLocal17;testLocal18;testLocal19;testLocal20"
"Cranston.Emilia","Emilia","Cranston","Domain Users;testLocal0;testLocal4;testLocal5;testLocal6;testLocal7;testLocal8;testLocal9;testLocal11;testLocal12;testLocal13;testLocal14;testLocal15;testLocal16;testLocal17;testLocal18;testLocal19;testLocal20"
