firstname,middleInitial,lastname,username,email,streetaddress,city,zipcode,state,country,department,password,telephone,jobtitle,company,ou
Odessa,A1,Janecek,Janecek.Odessa,Janecek.Odessa@Tesco.com,2749 Liberty Street,Dallas,75202,TX,United States,Marketing,Password@123,214-800-4820,Marking Specialist,Tesco,"OU=Tesco,DC=CORPTEST,DC=AD"
Madelyn,A2,Hannibal,Hannibal.Madelyn,Hannibal.Madelyn@Tesco.com,2750 Liberty Street,Dallas,75202,TX,United States,Marketing,Password@124,214-800-4821,Marking Specialist,Tesco,"OU=Tesco,DC=CORPTEST,DC=AD"
Darrel,A3,Twombly,Twombly.Darrel,Twombly.Darrel@Tesco.com,2751 Liberty Street,Dallas,75202,TX,United States,Marketing,Password@125,214-800-4822,Marking Specialist,Tesco,"OU=Tesco,DC=CORPTEST,DC=AD"
Isabelle,A4,Mckendree,Mckendree.Isabelle,Mckendree.Isabelle@Tesco.com,2752 Liberty Street,Dallas,75202,TX,United States,Marketing,Password@126,214-800-4823,Marking Specialist,Tesco,"OU=Tesco,DC=CORPTEST,DC=AD"
Mallory,A5,Melius,Melius.Mallory,Melius.Mallory@Tesco.com,2753 Liberty Street,Dallas,75202,TX,United States,Marketing,Password@127,214-800-4824,Marking Specialist,Tesco,"OU=Tesco,DC=CORPTEST,DC=AD"
Eveline,A6,Holyfield,Holyfield.Eveline,Holyfield.Eveline@Tesco.com,2754 Liberty Street,Dallas,75202,TX,United States,Marketing,Password@128,214-800-4825,Marking Specialist,Tesco,"OU=Tesco,DC=CORPTEST,DC=AD"
Teena,A7,Daves,Daves.Teena,Daves.Teena@Tesco.com,2755 Liberty Street,Dallas,75202,TX,United States,Marketing,Password@129,214-800-4826,Marking Specialist,Tesco,"OU=Tesco,DC=CORPTEST,DC=AD"
Miquel,A8,Milne,Milne.Miquel,Milne.Miquel@Tesco.com,2756 Liberty Street,Dallas,75202,TX,United States,Marketing,Password@130,214-800-4827,Marking Specialist,Tesco,"OU=Tesco,DC=CORPTEST,DC=AD"
Sigrid,A9,Mcferron,Mcferron.Sigrid,Mcferron.Sigrid@Tesco.com,2757 Liberty Street,Dallas,75202,TX,United States,Marketing,Password@131,214-800-4828,Marking Specialist,Tesco,"OU=Tesco,DC=CORPTEST,DC=AD"
Roderick,A10,Rone,Rone.Roderick,Rone.Roderick@Tesco.com,2758 Liberty Street,Dallas,75202,TX,United States,Marketing,Password@132,214-800-4829,Marking Specialist,Tesco,"OU=Tesco,DC=CORPTEST,DC=AD"
Van,A11,Ireland,Ireland.Van,Ireland.Van@Tesco.com,2759 Liberty Street,Dallas,75202,TX,United States,Marketing,Password@133,214-800-4830,Marking Specialist,Tesco,"OU=Tesco,DC=CORPTEST,DC=AD"
Lillie,A12,Stiles,Stiles.Lillie,Stiles.Lillie@Tesco.com,2760 Liberty Street,Dallas,75202,TX,United States,Marketing,Password@134,214-800-4831,Marking Specialist,Tesco,"OU=Tesco,DC=CORPTEST,DC=AD"
Gaynelle,A13,Tolliver,Tolliver.Gaynelle,Tolliver.Gaynelle@Tesco.com,2761 Liberty Street,Dallas,75202,TX,United States,Marketing,Password@135,214-800-4832,Marking Specialist,Tesco,"OU=Tesco,DC=CORPTEST,DC=AD"
Joshua,A14,Wisener,Wisener.Joshua,Wisener.Joshua@Tesco.com,2762 Liberty Street,Dallas,75202,TX,United States,Marketing,Password@136,214-800-4833,Marking Specialist,Tesco,"OU=Tesco,DC=CORPTEST,DC=AD"
Michael,A15,Oboyle,Oboyle.Michael,Oboyle.Michael@Tesco.com,2763 Liberty Street,Dallas,75202,TX,United States,Marketing,Password@137,214-800-4834,Marking Specialist,Tesco,"OU=Tesco,DC=CORPTEST,DC=AD"
Audrea,A16,Ayres,Ayres.Audrea,Ayres.Audrea@Tesco.com,2764 Liberty Street,Dallas,75202,TX,United States,Marketing,Password@138,214-800-4835,Marking Specialist,Tesco,"OU=Tesco,DC=CORPTEST,DC=AD"
Marquis,A17,Bouie,Bouie.Marquis,Bouie.Marquis@Tesco.com,2765 Liberty Street,Dallas,75202,TX,United States,Marketing,Password@139,214-800-4836,Marking Specialist,Tesco,"OU=Tesco,DC=CORPTEST,DC=AD"
Ronnie,A18,Orick,Orick.Ronnie,Orick.Ronnie@Tesco.com,2766 Liberty Street,Dallas,75202,TX,United States,Marketing,Password@140,214-800-4837,Marking Specialist,Tesco,"OU=Tesco,DC=CORPTEST,DC=AD"
Robyn,A19,Haring,Haring.Robyn,Haring.Robyn@Tesco.com,2767 Liberty Street,Dallas,75202,TX,United States,Marketing,Password@141,214-800-4838,Marking Specialist,Tesco,"OU=Tesco,DC=CORPTEST,DC=AD"
Maryetta,A20,Donald,Donald.Maryetta,Donald.Maryetta@Tesco.com,2768 Liberty Street,Dallas,75202,TX,United States,Marketing,Password@142,214-800-4839,Marking Specialist,Tesco,"OU=Tesco,DC=CORPTEST,DC=AD"
Kelsey,A21,Pinzon,Pinzon.Kelsey,Pinzon.Kelsey@Tesco.com,2769 Liberty Street,Dallas,75202,TX,United States,Marketing,Password@143,214-800-4840,Marking Specialist,Tesco,"OU=Tesco,DC=CORPTEST,DC=AD"
Sherie,A22,Landrum,Landrum.Sherie,Landrum.Sherie@Tesco.com,2770 Liberty Street,Dallas,75202,TX,United States,Marketing,Password@144,214-800-4841,Marking Specialist,Tesco,"OU=Tesco,DC=CORPTEST,DC=AD"
Elsie,A23,Schimmel,Schimmel.Elsie,Schimmel.Elsie@Tesco.com,2771 Liberty Street,Dallas,75202,TX,United States,Marketing,Password@145,214-800-4842,Marking Specialist,Tesco,"OU=Tesco,DC=CORPTEST,DC=AD"
Trish,A24,Walk,Walk.Trish,Walk.Trish@Tesco.com,2772 Liberty Street,Dallas,75202,TX,United States,Marketing,Password@146,214-800-4843,Marking Specialist,Tesco,"OU=Tesco,DC=CORPTEST,DC=AD"
Refugio,A25,Henriksen,Henriksen.Refugio,Henriksen.Refugio@Tesco.com,2773 Liberty Street,Dallas,75202,TX,United States,Marketing,Password@147,214-800-4844,Marking Specialist,Tesco,"OU=Tesco,DC=CORPTEST,DC=AD"
Kurt,A26,Luechtefeld,Luechtefeld.Kurt,Luechtefeld.Kurt@Tesco.com,2774 Liberty Street,Dallas,75202,TX,United States,Marketing,Password@148,214-800-4845,Marking Specialist,Tesco,"OU=Tesco,DC=CORPTEST,DC=AD"
Mozell,A27,Wilder,Wilder.Mozell,Wilder.Mozell@Tesco.com,2775 Liberty Street,Dallas,75202,TX,United States,Marketing,Password@149,214-800-4846,Marking Specialist,Tesco,"OU=Tesco,DC=CORPTEST,DC=AD"
Glennis,A28,Dean,Dean.Glennis,Dean.Glennis@Tesco.com,2776 Liberty Street,Dallas,75202,TX,United States,Marketing,Password@150,214-800-4847,Marking Specialist,Tesco,"OU=Tesco,DC=CORPTEST,DC=AD"
Vennie,A29,Boose,Boose.Vennie,Boose.Vennie@Tesco.com,2777 Liberty Street,Dallas,75202,TX,United States,Marketing,Password@151,214-800-4848,Marking Specialist,Tesco,"OU=Tesco,DC=CORPTEST,DC=AD"
Mayola,A30,Brunkhorst,Brunkhorst.Mayola,Brunkhorst.Mayola@Tesco.com,2778 Liberty Street,Dallas,75202,TX,United States,Marketing,Password@152,214-800-4849,Marking Specialist,Tesco,"OU=Tesco,DC=CORPTEST,DC=AD"
Karisa,A31,Tyrrell,Tyrrell.Karisa,Tyrrell.Karisa@Tesco.com,2779 Liberty Street,Dallas,75202,TX,United States,Marketing,Password@153,214-800-4850,Marking Specialist,Tesco,"OU=Tesco,DC=CORPTEST,DC=AD"
Edmundo,A32,Hooper,Hooper.Edmundo,Hooper.Edmundo@Tesco.com,2780 Liberty Street,Dallas,75202,TX,United States,Marketing,Password@154,214-800-4851,Marking Specialist,Tesco,"OU=Tesco,DC=CORPTEST,DC=AD"
Maricruz,A33,Laperle,Laperle.Maricruz,Laperle.Maricruz@Tesco.com,2781 Liberty Street,Dallas,75202,TX,United States,Marketing,Password@155,214-800-4852,Marking Specialist,Tesco,"OU=Tesco,DC=CORPTEST,DC=AD"
Blanche,A34,Colonna,Colonna.Blanche,Colonna.Blanche@Tesco.com,2782 Liberty Street,Dallas,75202,TX,United States,Marketing,Password@156,214-800-4853,Marking Specialist,Tesco,"OU=Tesco,DC=CORPTEST,DC=AD"
Maira,A35,Celestine,Celestine.Maira,Celestine.Maira@Tesco.com,2783 Liberty Street,Dallas,75202,TX,United States,Marketing,Password@157,214-800-4854,Marking Specialist,Tesco,"OU=Tesco,DC=CORPTEST,DC=AD"
Antoine,A36,Rosendahl,Rosendahl.Antoine,Rosendahl.Antoine@Tesco.com,2784 Liberty Street,Dallas,75202,TX,United States,Marketing,Password@158,214-800-4855,Marking Specialist,Tesco,"OU=Tesco,DC=CORPTEST,DC=AD"
Vincent,A37,Barrick,Barrick.Vincent,Barrick.Vincent@Tesco.com,2785 Liberty Street,Dallas,75202,TX,United States,Marketing,Password@159,214-800-4856,Marking Specialist,Tesco,"OU=Tesco,DC=CORPTEST,DC=AD"
Leana,A38,Basco,Basco.Leana,Basco.Leana@Tesco.com,2786 Liberty Street,Dallas,75202,TX,United States,Marketing,Password@160,214-800-4857,Marking Specialist,Tesco,"OU=Tesco,DC=CORPTEST,DC=AD"
Cristi,A39,Salcido,Salcido.Cristi,Salcido.Cristi@Tesco.com,2787 Liberty Street,Dallas,75202,TX,United States,Marketing,Password@161,214-800-4858,Marking Specialist,Tesco,"OU=Tesco,DC=CORPTEST,DC=AD"
Titus,A40,Macneil,Macneil.Titus,Macneil.Titus@Tesco.com,2788 Liberty Street,Dallas,75202,TX,United States,Marketing,Password@162,214-800-4859,Marking Specialist,Tesco,"OU=Tesco,DC=CORPTEST,DC=AD"
Hyo,A41,Beatrice,Beatrice.Hyo,Beatrice.Hyo@Tesco.com,2789 Liberty Street,Dallas,75202,TX,United States,Marketing,Password@163,214-800-4860,Marking Specialist,Tesco,"OU=Tesco,DC=CORPTEST,DC=AD"
Luella,A42,Carnegie,Carnegie.Luella,Carnegie.Luella@Tesco.com,2790 Liberty Street,Dallas,75202,TX,United States,Marketing,Password@164,214-800-4861,Marking Specialist,Tesco,"OU=Tesco,DC=CORPTEST,DC=AD"
Erna,A43,Mccombs,Mccombs.Erna,Mccombs.Erna@Tesco.com,2791 Liberty Street,Dallas,75202,TX,United States,Marketing,Password@165,214-800-4862,Marking Specialist,Tesco,"OU=Tesco,DC=CORPTEST,DC=AD"
Jina,A44,Center,Center.Jina,Center.Jina@Tesco.com,2792 Liberty Street,Dallas,75202,TX,United States,Marketing,Password@166,214-800-4863,Marking Specialist,Tesco,"OU=Tesco,DC=CORPTEST,DC=AD"
Arnold,A45,Haugh,Haugh.Arnold,Haugh.Arnold@Tesco.com,2793 Liberty Street,Dallas,75202,TX,United States,Marketing,Password@167,214-800-4864,Marking Specialist,Tesco,"OU=Tesco,DC=CORPTEST,DC=AD"
Bee,A46,Bogart,Bogart.Bee,Bogart.Bee@Tesco.com,2794 Liberty Street,Dallas,75202,TX,United States,Marketing,Password@168,214-800-4865,Marking Specialist,Tesco,"OU=Tesco,DC=CORPTEST,DC=AD"
Aracelis,A47,Pascal,Pascal.Aracelis,Pascal.Aracelis@Tesco.com,2795 Liberty Street,Dallas,75202,TX,United States,Marketing,Password@169,214-800-4866,Marking Specialist,Tesco,"OU=Tesco,DC=CORPTEST,DC=AD"
Melissia,A48,Weymouth,Weymouth.Melissia,Weymouth.Melissia@Tesco.com,2796 Liberty Street,Dallas,75202,TX,United States,Marketing,Password@170,214-800-4867,Marking Specialist,Tesco,"OU=Tesco,DC=CORPTEST,DC=AD"
Bret,A49,Bolden,Bolden.Bret,Bolden.Bret@Tesco.com,2797 Liberty Street,Dallas,75202,TX,United States,Marketing,Password@171,214-800-4868,Marking Specialist,Tesco,"OU=Tesco,DC=CORPTEST,DC=AD"
Jaymie,A50,Temme,Temme.Jaymie,Temme.Jaymie@Tesco.com,2798 Liberty Street,Dallas,75202,TX,United States,Marketing,Password@172,214-800-4869,Marking Specialist,Tesco,"OU=Tesco,DC=CORPTEST,DC=AD"
Charley,A51,Dickie,Dickie.Charley,Dickie.Charley@Tesco.com,2799 Liberty Street,Dallas,75202,TX,United States,Marketing,Password@173,214-800-4870,Marking Specialist,Tesco,"OU=Tesco,DC=CORPTEST,DC=AD"
Dana,A52,Lybrand,Lybrand.Dana,Lybrand.Dana@Tesco.com,2800 Liberty Street,Dallas,75202,TX,United States,Marketing,Password@174,214-800-4871,Marking Specialist,Tesco,"OU=Tesco,DC=CORPTEST,DC=AD"
Terese,A53,Farabaugh,Farabaugh.Terese,Farabaugh.Terese@Tesco.com,2801 Liberty Street,Dallas,75202,TX,United States,Marketing,Password@175,214-800-4872,Marking Specialist,Tesco,"OU=Tesco,DC=CORPTEST,DC=AD"
Zenobia,A54,Nygaard,Nygaard.Zenobia,Nygaard.Zenobia@Tesco.com,2802 Liberty Street,Dallas,75202,TX,United States,Marketing,Password@176,214-800-4873,Marking Specialist,Tesco,"OU=Tesco,DC=CORPTEST,DC=AD"
Marin,A55,Fortune,Fortune.Marin,Fortune.Marin@Tesco.com,2803 Liberty Street,Dallas,75202,TX,United States,Marketing,Password@177,214-800-4874,Marking Specialist,Tesco,"OU=Tesco,DC=CORPTEST,DC=AD"
Ela,A56,Broadwell,Broadwell.Ela,Broadwell.Ela@Tesco.com,2804 Liberty Street,Dallas,75202,TX,United States,Marketing,Password@178,214-800-4875,Marking Specialist,Tesco,"OU=Tesco,DC=CORPTEST,DC=AD"
Phylis,A57,Ricard,Ricard.Phylis,Ricard.Phylis@Tesco.com,2805 Liberty Street,Dallas,75202,TX,United States,Marketing,Password@179,214-800-4876,Marking Specialist,Tesco,"OU=Tesco,DC=CORPTEST,DC=AD"
Ashely,A58,Torrez,Torrez.Ashely,Torrez.Ashely@Tesco.com,2806 Liberty Street,Dallas,75202,TX,United States,Marketing,Password@180,214-800-4877,Marking Specialist,Tesco,"OU=Tesco,DC=CORPTEST,DC=AD"
Kathy,A59,Enochs,Enochs.Kathy,Enochs.Kathy@Tesco.com,2807 Liberty Street,Dallas,75202,TX,United States,Marketing,Password@181,214-800-4878,Marking Specialist,Tesco,"OU=Tesco,DC=CORPTEST,DC=AD"
Newton,A60,Alcorn,Alcorn.Newton,Alcorn.Newton@Tesco.com,2808 Liberty Street,Dallas,75202,TX,United States,Marketing,Password@182,214-800-4879,Marking Specialist,Tesco,"OU=Tesco,DC=CORPTEST,DC=AD"
Macie,A61,Lineman,Lineman.Macie,Lineman.Macie@Tesco.com,2809 Liberty Street,Dallas,75202,TX,United States,Marketing,Password@183,214-800-4880,Marking Specialist,Tesco,"OU=Tesco,DC=CORPTEST,DC=AD"
Candi,A62,Cavins,Cavins.Candi,Cavins.Candi@Tesco.com,2810 Liberty Street,Dallas,75202,TX,United States,Marketing,Password@184,214-800-4881,Marking Specialist,Tesco,"OU=Tesco,DC=CORPTEST,DC=AD"
Vannesa,A63,Pulver,Pulver.Vannesa,Pulver.Vannesa@Tesco.com,2811 Liberty Street,Dallas,75202,TX,United States,Marketing,Password@185,214-800-4882,Marking Specialist,Tesco,"OU=Tesco,DC=CORPTEST,DC=AD"
Eleanor,A64,Stilwell,Stilwell.Eleanor,Stilwell.Eleanor@Tesco.com,2812 Liberty Street,Dallas,75202,TX,United States,Marketing,Password@186,214-800-4883,Marking Specialist,Tesco,"OU=Tesco,DC=CORPTEST,DC=AD"
Yadira,A65,Hillier,Hillier.Yadira,Hillier.Yadira@Tesco.com,2813 Liberty Street,Dallas,75202,TX,United States,Marketing,Password@187,214-800-4884,Marking Specialist,Tesco,"OU=Tesco,DC=CORPTEST,DC=AD"
Stacy,A66,Twist,Twist.Stacy,Twist.Stacy@Tesco.com,2814 Liberty Street,Dallas,75202,TX,United States,Marketing,Password@188,214-800-4885,Marking Specialist,Tesco,"OU=Tesco,DC=CORPTEST,DC=AD"
Erlene,A67,Sievers,Sievers.Erlene,Sievers.Erlene@Tesco.com,2815 Liberty Street,Dallas,75202,TX,United States,Marketing,Password@189,214-800-4886,Marking Specialist,Tesco,"OU=Tesco,DC=CORPTEST,DC=AD"
Bernard,A68,Lenig,Lenig.Bernard,Lenig.Bernard@Tesco.com,2816 Liberty Street,Dallas,75202,TX,United States,Marketing,Password@190,214-800-4887,Marking Specialist,Tesco,"OU=Tesco,DC=CORPTEST,DC=AD"
Inga,A69,Seidell,Seidell.Inga,Seidell.Inga@Tesco.com,2817 Liberty Street,Dallas,75202,TX,United States,Marketing,Password@191,214-800-4888,Marking Specialist,Tesco,"OU=Tesco,DC=CORPTEST,DC=AD"
Ngoc,A70,Ranger,Ranger.Ngoc,Ranger.Ngoc@Tesco.com,2818 Liberty Street,Dallas,75202,TX,United States,Marketing,Password@192,214-800-4889,Marking Specialist,Tesco,"OU=Tesco,DC=CORPTEST,DC=AD"
Shawanna,A71,Berlin,Berlin.Shawanna,Berlin.Shawanna@Tesco.com,2819 Liberty Street,Dallas,75202,TX,United States,Marketing,Password@193,214-800-4890,Marking Specialist,Tesco,"OU=Tesco,DC=CORPTEST,DC=AD"
Nicolle,A72,Mcbean,Mcbean.Nicolle,Mcbean.Nicolle@Tesco.com,2820 Liberty Street,Dallas,75202,TX,United States,Marketing,Password@194,214-800-4891,Marking Specialist,Tesco,"OU=Tesco,DC=CORPTEST,DC=AD"
Sunday,A73,Jessop,Jessop.Sunday,Jessop.Sunday@Tesco.com,2821 Liberty Street,Dallas,75202,TX,United States,Marketing,Password@195,214-800-4892,Marking Specialist,Tesco,"OU=Tesco,DC=CORPTEST,DC=AD"
Patrina,A74,Raphael,Raphael.Patrina,Raphael.Patrina@Tesco.com,2822 Liberty Street,Dallas,75202,TX,United States,Marketing,Password@196,214-800-4893,Marking Specialist,Tesco,"OU=Tesco,DC=CORPTEST,DC=AD"
Shawnta,A75,Deibler,Deibler.Shawnta,Deibler.Shawnta@Tesco.com,2823 Liberty Street,Dallas,75202,TX,United States,Marketing,Password@197,214-800-4894,Marking Specialist,Tesco,"OU=Tesco,DC=CORPTEST,DC=AD"
Winston,A76,Blatt,Blatt.Winston,Blatt.Winston@Tesco.com,2824 Liberty Street,Dallas,75202,TX,United States,Marketing,Password@198,214-800-4895,Marking Specialist,Tesco,"OU=Tesco,DC=CORPTEST,DC=AD"
Luana,A77,Stallone,Stallone.Luana,Stallone.Luana@Tesco.com,2825 Liberty Street,Dallas,75202,TX,United States,Marketing,Password@199,214-800-4896,Marking Specialist,Tesco,"OU=Tesco,DC=CORPTEST,DC=AD"
Dina,A78,Parkhurst,Parkhurst.Dina,Parkhurst.Dina@Tesco.com,2826 Liberty Street,Dallas,75202,TX,United States,Marketing,Password@200,214-800-4897,Marking Specialist,Tesco,"OU=Tesco,DC=CORPTEST,DC=AD"
Tomi,A79,Wrigley,Wrigley.Tomi,Wrigley.Tomi@Tesco.com,2827 Liberty Street,Dallas,75202,TX,United States,Marketing,Password@201,214-800-4898,Marking Specialist,Tesco,"OU=Tesco,DC=CORPTEST,DC=AD"
Cherly,A80,Persons,Persons.Cherly,Persons.Cherly@Tesco.com,2828 Liberty Street,Dallas,75202,TX,United States,Marketing,Password@202,214-800-4899,Marking Specialist,Tesco,"OU=Tesco,DC=CORPTEST,DC=AD"
Delena,A81,Difiore,Difiore.Delena,Difiore.Delena@Tesco.com,2829 Liberty Street,Dallas,75202,TX,United States,Marketing,Password@203,214-800-4900,Marking Specialist,Tesco,"OU=Tesco,DC=CORPTEST,DC=AD"
Leisa,A82,Dyar,Dyar.Leisa,Dyar.Leisa@Tesco.com,2830 Liberty Street,Dallas,75202,TX,United States,Marketing,Password@204,214-800-4901,Marking Specialist,Tesco,"OU=Tesco,DC=CORPTEST,DC=AD"
Dee,A83,Perreault,Perreault.Dee,Perreault.Dee@Tesco.com,2831 Liberty Street,Dallas,75202,TX,United States,Marketing,Password@205,214-800-4902,Marking Specialist,Tesco,"OU=Tesco,DC=CORPTEST,DC=AD"
Florentina,A84,Dufresne,Dufresne.Florentina,Dufresne.Florentina@Tesco.com,2832 Liberty Street,Dallas,75202,TX,United States,Marketing,Password@206,214-800-4903,Marking Specialist,Tesco,"OU=Tesco,DC=CORPTEST,DC=AD"
Josefine,A85,Jeffcoat,Jeffcoat.Josefine,Jeffcoat.Josefine@Tesco.com,2833 Liberty Street,Dallas,75202,TX,United States,Marketing,Password@207,214-800-4904,Marking Specialist,Tesco,"OU=Tesco,DC=CORPTEST,DC=AD"
Whitney,A86,Degraff,Degraff.Whitney,Degraff.Whitney@Tesco.com,2834 Liberty Street,Dallas,75202,TX,United States,Marketing,Password@208,214-800-4905,Marking Specialist,Tesco,"OU=Tesco,DC=CORPTEST,DC=AD"
Rosalie,A87,Mcgown,Mcgown.Rosalie,Mcgown.Rosalie@Tesco.com,2835 Liberty Street,Dallas,75202,TX,United States,Marketing,Password@209,214-800-4906,Marking Specialist,Tesco,"OU=Tesco,DC=CORPTEST,DC=AD"
Dalton,A88,Villela,Villela.Dalton,Villela.Dalton@Tesco.com,2836 Liberty Street,Dallas,75202,TX,United States,Marketing,Password@210,214-800-4907,Marking Specialist,Tesco,"OU=Tesco,DC=CORPTEST,DC=AD"
Kellee,A89,Rew,Rew.Kellee,Rew.Kellee@Tesco.com,2837 Liberty Street,Dallas,75202,TX,United States,Marketing,Password@211,214-800-4908,Marking Specialist,Tesco,"OU=Tesco,DC=CORPTEST,DC=AD"
Santos,A90,Figg,Figg.Santos,Figg.Santos@Tesco.com,2838 Liberty Street,Dallas,75202,TX,United States,Marketing,Password@212,214-800-4909,Marking Specialist,Tesco,"OU=Tesco,DC=CORPTEST,DC=AD"
Mammie,A91,Eshelman,Eshelman.Mammie,Eshelman.Mammie@Tesco.com,2839 Liberty Street,Dallas,75202,TX,United States,Marketing,Password@213,214-800-4910,Marking Specialist,Tesco,"OU=Tesco,DC=CORPTEST,DC=AD"
Sommer,A92,Yzaguirre,Yzaguirre.Sommer,Yzaguirre.Sommer@Tesco.com,2840 Liberty Street,Dallas,75202,TX,United States,Marketing,Password@214,214-800-4911,Marking Specialist,Tesco,"OU=Tesco,DC=CORPTEST,DC=AD"
Maddie,A93,Feltz,Feltz.Maddie,Feltz.Maddie@Tesco.com,2841 Liberty Street,Dallas,75202,TX,United States,Marketing,Password@215,214-800-4912,Marking Specialist,Tesco,"OU=Tesco,DC=CORPTEST,DC=AD"
Esta,A94,Byerley,Byerley.Esta,Byerley.Esta@Tesco.com,2842 Liberty Street,Dallas,75202,TX,United States,Marketing,Password@216,214-800-4913,Marking Specialist,Tesco,"OU=Tesco,DC=CORPTEST,DC=AD"
Maren,A95,Knapik,Knapik.Maren,Knapik.Maren@Tesco.com,2843 Liberty Street,Dallas,75202,TX,United States,Marketing,Password@217,214-800-4914,Marking Specialist,Tesco,"OU=Tesco,DC=CORPTEST,DC=AD"
Caren,A96,Heater,Heater.Caren,Heater.Caren@Tesco.com,2844 Liberty Street,Dallas,75202,TX,United States,Marketing,Password@218,214-800-4915,Marking Specialist,Tesco,"OU=Tesco,DC=CORPTEST,DC=AD"
Javier,A97,Mcquiston,Mcquiston.Javier,Mcquiston.Javier@Tesco.com,2845 Liberty Street,Dallas,75202,TX,United States,Marketing,Password@219,214-800-4916,Marking Specialist,Tesco,"OU=Tesco,DC=CORPTEST,DC=AD"
Evon,A98,Chica,Chica.Evon,Chica.Evon@Tesco.com,2846 Liberty Street,Dallas,75202,TX,United States,Marketing,Password@220,214-800-4917,Marking Specialist,Tesco,"OU=Tesco,DC=CORPTEST,DC=AD"
Maribel,A99,Vaccaro,Vaccaro.Maribel,Vaccaro.Maribel@Tesco.com,2847 Liberty Street,Dallas,75202,TX,United States,Marketing,Password@221,214-800-4918,Marking Specialist,Tesco,"OU=Tesco,DC=CORPTEST,DC=AD"
Irene,A100,Garwood,Garwood.Irene,Garwood.Irene@Tesco.com,2848 Liberty Street,Dallas,75202,TX,United States,Marketing,Password@222,214-800-4919,Marking Specialist,Tesco,"OU=Tesco,DC=CORPTEST,DC=AD"
Celine,A101,Luckett,Luckett.Celine,Luckett.Celine@Tesco.com,2849 Liberty Street,Dallas,75202,TX,United States,Marketing,Password@223,214-800-4920,Marking Specialist,Tesco,"OU=Tesco,DC=CORPTEST,DC=AD"
Shawnee,A102,Janz,Janz.Shawnee,Janz.Shawnee@Tesco.com,2850 Liberty Street,Dallas,75202,TX,United States,Marketing,Password@224,214-800-4921,Marking Specialist,Tesco,"OU=Tesco,DC=CORPTEST,DC=AD"
Gwenn,A103,Suggs,Suggs.Gwenn,Suggs.Gwenn@Tesco.com,2851 Liberty Street,Dallas,75202,TX,United States,Marketing,Password@225,214-800-4922,Marking Specialist,Tesco,"OU=Tesco,DC=CORPTEST,DC=AD"
Krissy,A104,Vicks,Vicks.Krissy,Vicks.Krissy@Tesco.com,2852 Liberty Street,Dallas,75202,TX,United States,Marketing,Password@226,214-800-4923,Marking Specialist,Tesco,"OU=Tesco,DC=CORPTEST,DC=AD"
Carleen,A105,Riner,Riner.Carleen,Riner.Carleen@Tesco.com,2853 Liberty Street,Dallas,75202,TX,United States,Marketing,Password@227,214-800-4924,Marking Specialist,Tesco,"OU=Tesco,DC=CORPTEST,DC=AD"
Wendie,A106,Dorner,Dorner.Wendie,Dorner.Wendie@Tesco.com,2854 Liberty Street,Dallas,75202,TX,United States,Marketing,Password@228,214-800-4925,Marking Specialist,Tesco,"OU=Tesco,DC=CORPTEST,DC=AD"
Hiram,A107,Seaberg,Seaberg.Hiram,Seaberg.Hiram@Tesco.com,2855 Liberty Street,Dallas,75202,TX,United States,Marketing,Password@229,214-800-4926,Marking Specialist,Tesco,"OU=Tesco,DC=CORPTEST,DC=AD"
Fidel,A108,Ried,Ried.Fidel,Ried.Fidel@Tesco.com,2856 Liberty Street,Dallas,75202,TX,United States,Marketing,Password@230,214-800-4927,Marking Specialist,Tesco,"OU=Tesco,DC=CORPTEST,DC=AD"
Tianna,A109,Iraheta,Iraheta.Tianna,Iraheta.Tianna@Tesco.com,2857 Liberty Street,Dallas,75202,TX,United States,Marketing,Password@231,214-800-4928,Marking Specialist,Tesco,"OU=Tesco,DC=CORPTEST,DC=AD"
Maida,A110,Neider,Neider.Maida,Neider.Maida@Tesco.com,2858 Liberty Street,Dallas,75202,TX,United States,Marketing,Password@232,214-800-4929,Marking Specialist,Tesco,"OU=Tesco,DC=CORPTEST,DC=AD"
Alba,A111,Edens,Edens.Alba,Edens.Alba@Tesco.com,2859 Liberty Street,Dallas,75202,TX,United States,Marketing,Password@233,214-800-4930,Marking Specialist,Tesco,"OU=Tesco,DC=CORPTEST,DC=AD"
Randi,A112,Alvidrez,Alvidrez.Randi,Alvidrez.Randi@Tesco.com,2860 Liberty Street,Dallas,75202,TX,United States,Marketing,Password@234,214-800-4931,Marking Specialist,Tesco,"OU=Tesco,DC=CORPTEST,DC=AD"
Lesia,A113,Drumheller,Drumheller.Lesia,Drumheller.Lesia@Tesco.com,2861 Liberty Street,Dallas,75202,TX,United States,Marketing,Password@235,214-800-4932,Marking Specialist,Tesco,"OU=Tesco,DC=CORPTEST,DC=AD"
Sherrie,A114,Duprey,Duprey.Sherrie,Duprey.Sherrie@Tesco.com,2862 Liberty Street,Dallas,75202,TX,United States,Marketing,Password@236,214-800-4933,Marking Specialist,Tesco,"OU=Tesco,DC=CORPTEST,DC=AD"
Jestine,A115,Podkowka,Podkowka.Jestine,Podkowka.Jestine@Tesco.com,2863 Liberty Street,Dallas,75202,TX,United States,Marketing,Password@237,214-800-4934,Marking Specialist,Tesco,"OU=Tesco,DC=CORPTEST,DC=AD"
Eura,A116,Leisy,Leisy.Eura,Leisy.Eura@Tesco.com,2864 Liberty Street,Dallas,75202,TX,United States,Marketing,Password@238,214-800-4935,Marking Specialist,Tesco,"OU=Tesco,DC=CORPTEST,DC=AD"
Jacquelynn,A117,Rentschler,Rentschler.Jacquelynn,Rentschler.Jacquelynn@Tesco.com,2865 Liberty Street,Dallas,75202,TX,United States,Marketing,Password@239,214-800-4936,Marking Specialist,Tesco,"OU=Tesco,DC=CORPTEST,DC=AD"
Roseline,A118,Dorothy,Dorothy.Roseline,Dorothy.Roseline@Tesco.com,2866 Liberty Street,Dallas,75202,TX,United States,Marketing,Password@240,214-800-4937,Marking Specialist,Tesco,"OU=Tesco,DC=CORPTEST,DC=AD"
Rosy,A119,Satterthwaite,Satterthwaite.Rosy,Satterthwaite.Rosy@Tesco.com,2867 Liberty Street,Dallas,75202,TX,United States,Marketing,Password@241,214-800-4938,Marking Specialist,Tesco,"OU=Tesco,DC=CORPTEST,DC=AD"
Maribel,A120,Wilhelm,Wilhelm.Maribel,Wilhelm.Maribel@Tesco.com,2868 Liberty Street,Dallas,75202,TX,United States,Marketing,Password@242,214-800-4939,Marking Specialist,Tesco,"OU=Tesco,DC=CORPTEST,DC=AD"
Lance,A121,Alloway,Alloway.Lance,Alloway.Lance@Tesco.com,2869 Liberty Street,Dallas,75202,TX,United States,Marketing,Password@243,214-800-4940,Marking Specialist,Tesco,"OU=Tesco,DC=CORPTEST,DC=AD"
Jonell,A122,Jenkins,Jenkins.Jonell,Jenkins.Jonell@Tesco.com,2870 Liberty Street,Dallas,75202,TX,United States,Marketing,Password@244,214-800-4941,Marking Specialist,Tesco,"OU=Tesco,DC=CORPTEST,DC=AD"
Kraig,A123,Adamo,Adamo.Kraig,Adamo.Kraig@Tesco.com,2871 Liberty Street,Dallas,75202,TX,United States,Marketing,Password@245,214-800-4942,Marking Specialist,Tesco,"OU=Tesco,DC=CORPTEST,DC=AD"
Gia,A124,Deese,Deese.Gia,Deese.Gia@Tesco.com,2872 Liberty Street,Dallas,75202,TX,United States,Marketing,Password@246,214-800-4943,Marking Specialist,Tesco,"OU=Tesco,DC=CORPTEST,DC=AD"
Felecia,A125,Palafox,Palafox.Felecia,Palafox.Felecia@Tesco.com,2873 Liberty Street,Dallas,75202,TX,United States,Marketing,Password@247,214-800-4944,Marking Specialist,Tesco,"OU=Tesco,DC=CORPTEST,DC=AD"
Jule,A126,Wirth,Wirth.Jule,Wirth.Jule@Tesco.com,2874 Liberty Street,Dallas,75202,TX,United States,Marketing,Password@248,214-800-4945,Marking Specialist,Tesco,"OU=Tesco,DC=CORPTEST,DC=AD"
Bertram,A127,Gaulke,Gaulke.Bertram,Gaulke.Bertram@Tesco.com,2875 Liberty Street,Dallas,75202,TX,United States,Marketing,Password@249,214-800-4946,Marking Specialist,Tesco,"OU=Tesco,DC=CORPTEST,DC=AD"
Elvia,A128,Morgado,Morgado.Elvia,Morgado.Elvia@Tesco.com,2876 Liberty Street,Dallas,75202,TX,United States,Marketing,Password@250,214-800-4947,Marking Specialist,Tesco,"OU=Tesco,DC=CORPTEST,DC=AD"
Marya,A129,Stalnaker,Stalnaker.Marya,Stalnaker.Marya@Tesco.com,2877 Liberty Street,Dallas,75202,TX,United States,Marketing,Password@251,214-800-4948,Marking Specialist,Tesco,"OU=Tesco,DC=CORPTEST,DC=AD"
Cheyenne,A130,Ferrel,Ferrel.Cheyenne,Ferrel.Cheyenne@Tesco.com,2878 Liberty Street,Dallas,75202,TX,United States,Marketing,Password@252,214-800-4949,Marking Specialist,Tesco,"OU=Tesco,DC=CORPTEST,DC=AD"
Reuben,A131,Lundquist,Lundquist.Reuben,Lundquist.Reuben@Tesco.com,2879 Liberty Street,Dallas,75202,TX,United States,Marketing,Password@253,214-800-4950,Marking Specialist,Tesco,"OU=Tesco,DC=CORPTEST,DC=AD"
Jeniffer,A132,Sandavol,Sandavol.Jeniffer,Sandavol.Jeniffer@Tesco.com,2880 Liberty Street,Dallas,75202,TX,United States,Marketing,Password@254,214-800-4951,Marking Specialist,Tesco,"OU=Tesco,DC=CORPTEST,DC=AD"
Curt,A133,Hoff,Hoff.Curt,Hoff.Curt@Tesco.com,2881 Liberty Street,Dallas,75202,TX,United States,Marketing,Password@255,214-800-4952,Marking Specialist,Tesco,"OU=Tesco,DC=CORPTEST,DC=AD"
Monte,A134,Maus,Maus.Monte,Maus.Monte@Tesco.com,2882 Liberty Street,Dallas,75202,TX,United States,Marketing,Password@256,214-800-4953,Marking Specialist,Tesco,"OU=Tesco,DC=CORPTEST,DC=AD"
Robbyn,A135,Blowers,Blowers.Robbyn,Blowers.Robbyn@Tesco.com,2883 Liberty Street,Dallas,75202,TX,United States,Marketing,Password@257,214-800-4954,Marking Specialist,Tesco,"OU=Tesco,DC=CORPTEST,DC=AD"
Kayla,A136,Rick,Rick.Kayla,Rick.Kayla@Tesco.com,2884 Liberty Street,Dallas,75202,TX,United States,Marketing,Password@258,214-800-4955,Marking Specialist,Tesco,"OU=Tesco,DC=CORPTEST,DC=AD"
Ariana,A137,Hopkin,Hopkin.Ariana,Hopkin.Ariana@Tesco.com,2885 Liberty Street,Dallas,75202,TX,United States,Marketing,Password@259,214-800-4956,Marking Specialist,Tesco,"OU=Tesco,DC=CORPTEST,DC=AD"
Darrell,A138,Kitterman,Kitterman.Darrell,Kitterman.Darrell@Tesco.com,2886 Liberty Street,Dallas,75202,TX,United States,Marketing,Password@260,214-800-4957,Marking Specialist,Tesco,"OU=Tesco,DC=CORPTEST,DC=AD"
Ka,A139,Picken,Picken.Ka,Picken.Ka@Tesco.com,2887 Liberty Street,Dallas,75202,TX,United States,Marketing,Password@261,214-800-4958,Marking Specialist,Tesco,"OU=Tesco,DC=CORPTEST,DC=AD"
Lorie,A140,Huggett,Huggett.Lorie,Huggett.Lorie@Tesco.com,2888 Liberty Street,Dallas,75202,TX,United States,Marketing,Password@262,214-800-4959,Marking Specialist,Tesco,"OU=Tesco,DC=CORPTEST,DC=AD"
Concepcion,A141,Pullin,Pullin.Concepcion,Pullin.Concepcion@Tesco.com,2889 Liberty Street,Dallas,75202,TX,United States,Marketing,Password@263,214-800-4960,Marking Specialist,Tesco,"OU=Tesco,DC=CORPTEST,DC=AD"
Marla,A142,Kilmon,Kilmon.Marla,Kilmon.Marla@Tesco.com,2890 Liberty Street,Dallas,75202,TX,United States,Marketing,Password@264,214-800-4961,Marking Specialist,Tesco,"OU=Tesco,DC=CORPTEST,DC=AD"
Chau,A143,Dowler,Dowler.Chau,Dowler.Chau@Tesco.com,2891 Liberty Street,Dallas,75202,TX,United States,Marketing,Password@265,214-800-4962,Marking Specialist,Tesco,"OU=Tesco,DC=CORPTEST,DC=AD"
Paul,A144,Griest,Griest.Paul,Griest.Paul@Tesco.com,2892 Liberty Street,Dallas,75202,TX,United States,Marketing,Password@266,214-800-4963,Marking Specialist,Tesco,"OU=Tesco,DC=CORPTEST,DC=AD"
June,A145,Ditullio,Ditullio.June,Ditullio.June@Tesco.com,2893 Liberty Street,Dallas,75202,TX,United States,Marketing,Password@267,214-800-4964,Marking Specialist,Tesco,"OU=Tesco,DC=CORPTEST,DC=AD"
Jannie,A146,Faul,Faul.Jannie,Faul.Jannie@Tesco.com,2894 Liberty Street,Dallas,75202,TX,United States,Marketing,Password@268,214-800-4965,Marking Specialist,Tesco,"OU=Tesco,DC=CORPTEST,DC=AD"
Jonathon,A147,Hillary,Hillary.Jonathon,Hillary.Jonathon@Tesco.com,2895 Liberty Street,Dallas,75202,TX,United States,Marketing,Password@269,214-800-4966,Marking Specialist,Tesco,"OU=Tesco,DC=CORPTEST,DC=AD"
Jude,A148,Perera,Perera.Jude,Perera.Jude@Tesco.com,2896 Liberty Street,Dallas,75202,TX,United States,Marketing,Password@270,214-800-4967,Marking Specialist,Tesco,"OU=Tesco,DC=CORPTEST,DC=AD"
Emilia,A149,Cranston,Cranston.Emilia,Cranston.Emilia@Tesco.com,2897 Liberty Street,Dallas,75202,TX,United States,Marketing,Password@271,214-800-4968,Marking Specialist,Tesco,"OU=Tesco,DC=CORPTEST,DC=AD"
